{
    "2017": {
        "SignalNormSF": 0.72,
        "Lumi": 42,
        "SignalSF": {
            "DS": 0.000544,
            "BD": 0.000491,
            "BU": 0.000524
        }
    },
    "2018": {
        "SignalNormSF": 0.86,
        "Lumi": 59.8,
        "SignalSF": {
            "DS": 0.000572,
            "BD": 0.000565,
            "BU": 0.000565
        }
    }
}
